{
	"texture_size": [32, 32],
	"textures": {
		"0": "blahaj:item/bred",
		"particle": "#0"
	},
	"elements": [
		{
			"name": "shork",
			"from": [5, 5, -1],
			"to": [11, 11, 16],
			"faces": {
				"north": {"uv": [8.5, 3, 11.5, 6], "texture": "#0"},
				"east": {"uv": [0, 0, 8.5, 3], "texture": "#0"},
				"south": {"uv": [8.5, 0, 11.5, 3], "texture": "#0"},
				"west": {"uv": [0, 3, 8.5, 6], "texture": "#0"},
				"up": {"uv": [3, 14.5, 0, 6], "texture": "#0"},
				"down": {"uv": [6, 6, 3, 14.5], "texture": "#0"}
			}
		}
	],
	"display": {
		"thirdperson_righthand": {
			"rotation": [-48.96, 12.4, -13.43],
			"translation": [-3.75, -2.5, 3]
		},
		"firstperson_righthand": {
			"rotation": [-90, 32, 0],
			"translation": [-4.5, 1.25, 1]
		},
		"ground": {
			"scale": [0.5, 0.5, 0.5]
		},
		"gui": {
			"rotation": [30, 135, 0],
			"translation": [0.36, 0, 0],
			"scale": [0.98, 0.98, 0.98]
		},
		"head": {
			"rotation": [0, 90, 0],
			"translation": [0, 10, 0],
			"scale": [1.25, 1.25, 1.25]
		},
		"fixed": {
			"rotation": [0, -90, 0],
			"translation": [0, -1, -3.5]
		}
	}
}