{
	"credit": "Made with Blockbench",
	"textures": {
		"particle": "#layer0"
	},
	"elements": [
		{
			"name": "sprite",
			"from": [0.02, 0.02, 7.5],
			"to": [15.98, 15.98, 8.5],
			"shade": false,
			"rotation": {"angle": 0, "axis": "y", "origin": [8, 8, 8]},
			"faces": {
				"north": {"uv": [16, 0, 0, 16], "texture": "#layer0"},
				"south": {"uv": [0, 0, 16, 16], "texture": "#layer0"}
			}
		},
		{
			"name": "vertical_strips",
			"from": [16, 0, 7.5],
			"to": [16, 16, 8.5],
			"faces": {
				"east": {"uv": [15, 0, 16, 16], "texture": "#layer0"}
			}
		},
		{
			"name": "vertical_strips",
			"from": [0, 0, 7.5],
			"to": [0, 16, 8.5],
			"faces": {
				"west": {"uv": [0, 0, 1, 16], "texture": "#layer0"}
			}
		},
		{
			"name": "vertical_strips",
			"from": [1, 0, 7.5],
			"to": [1, 16, 8.5],
			"faces": {
				"east": {"uv": [0, 0, 1, 16], "texture": "#layer0"},
				"west": {"uv": [1, 0, 2, 16], "texture": "#layer0"}
			}
		},
		{
			"name": "vertical_strips",
			"from": [2, 0, 7.5],
			"to": [2, 16, 8.5],
			"faces": {
				"east": {"uv": [1, 0, 2, 16], "texture": "#layer0"},
				"west": {"uv": [2, 0, 3, 16], "texture": "#layer0"}
			}
		},
		{
			"name": "vertical_strips",
			"from": [3, 0, 7.5],
			"to": [3, 16, 8.5],
			"faces": {
				"east": {"uv": [2, 0, 3, 16], "texture": "#layer0"},
				"west": {"uv": [3, 0, 4, 16], "texture": "#layer0"}
			}
		},
		{
			"name": "vertical_strips",
			"from": [4, 0, 7.5],
			"to": [4, 16, 8.5],
			"faces": {
				"east": {"uv": [3, 0, 4, 16], "texture": "#layer0"},
				"west": {"uv": [4, 0, 5, 16], "texture": "#layer0"}
			}
		},
		{
			"name": "vertical_strips",
			"from": [5, 0, 7.5],
			"to": [5, 16, 8.5],
			"faces": {
				"east": {"uv": [4, 0, 5, 16], "texture": "#layer0"},
				"west": {"uv": [5, 0, 6, 16], "texture": "#layer0"}
			}
		},
		{
			"name": "vertical_strips",
			"from": [6, 0, 7.5],
			"to": [6, 16, 8.5],
			"faces": {
				"east": {"uv": [5, 0, 6, 16], "texture": "#layer0"},
				"west": {"uv": [6, 0, 7, 16], "texture": "#layer0"}
			}
		},
		{
			"name": "vertical_strips",
			"from": [7, 0, 7.5],
			"to": [7, 16, 8.5],
			"faces": {
				"east": {"uv": [6, 0, 7, 16], "texture": "#layer0"},
				"west": {"uv": [7, 0, 8, 16], "texture": "#layer0"}
			}
		},
		{
			"name": "vertical_strips",
			"from": [8, 0, 7.5],
			"to": [8, 16, 8.5],
			"faces": {
				"east": {"uv": [7, 0, 8, 16], "texture": "#layer0"},
				"west": {"uv": [8, 0, 9, 16], "texture": "#layer0"}
			}
		},
		{
			"name": "vertical_strips",
			"from": [9, 0, 7.5],
			"to": [9, 16, 8.5],
			"faces": {
				"east": {"uv": [8, 0, 9, 16], "texture": "#layer0"},
				"west": {"uv": [9, 0, 10, 16], "texture": "#layer0"}
			}
		},
		{
			"name": "vertical_strips",
			"from": [10, 0, 7.5],
			"to": [10, 16, 8.5],
			"faces": {
				"east": {"uv": [9, 0, 10, 16], "texture": "#layer0"},
				"west": {"uv": [10, 0, 11, 16], "texture": "#layer0"}
			}
		},
		{
			"name": "vertical_strips",
			"from": [11, 0, 7.5],
			"to": [11, 16, 8.5],
			"faces": {
				"east": {"uv": [10, 0, 11, 16], "texture": "#layer0"},
				"west": {"uv": [11, 0, 12, 16], "texture": "#layer0"}
			}
		},
		{
			"name": "vertical_strips",
			"from": [12, 0, 7.5],
			"to": [12, 16, 8.5],
			"faces": {
				"east": {"uv": [11, 0, 12, 16], "texture": "#layer0"},
				"west": {"uv": [12, 0, 13, 16], "texture": "#layer0"}
			}
		},
		{
			"name": "vertical_strips",
			"from": [13, 0, 7.5],
			"to": [13, 16, 8.5],
			"faces": {
				"east": {"uv": [12, 0, 13, 16], "texture": "#layer0"},
				"west": {"uv": [13, 0, 14, 16], "texture": "#layer0"}
			}
		},
		{
			"name": "vertical_strips",
			"from": [14, 0, 7.5],
			"to": [14, 16, 8.5],
			"faces": {
				"east": {"uv": [13, 0, 14, 16], "texture": "#layer0"},
				"west": {"uv": [14, 0, 15, 16], "texture": "#layer0"}
			}
		},
		{
			"name": "vertical_strips",
			"from": [15, 0, 7.5],
			"to": [15, 16, 8.5],
			"faces": {
				"east": {"uv": [14, 0, 15, 16], "texture": "#layer0"},
				"west": {"uv": [15, 0, 16, 16], "texture": "#layer0"}
			}
		},
		{
			"name": "horizonal_strips",
			"from": [0.1, 0, 7.5],
			"to": [15.9, 0, 8.5],
			"faces": {
				"down": {"uv": [0, 15, 16, 16], "texture": "#layer0"}
			}
		},
		{
			"name": "horizonal_strips",
			"from": [0.1, 1, 7.5],
			"to": [15.9, 1, 8.5],
			"faces": {
				"up": {"uv": [0, 15, 16, 16], "texture": "#layer0"},
				"down": {"uv": [0, 14, 16, 15], "texture": "#layer0"}
			}
		},
		{
			"name": "horizonal_strips",
			"from": [0.1, 2, 7.5],
			"to": [15.9, 2, 8.5],
			"faces": {
				"up": {"uv": [0, 14, 16, 15], "texture": "#layer0"},
				"down": {"uv": [0, 13, 16, 14], "texture": "#layer0"}
			}
		},
		{
			"name": "horizonal_strips",
			"from": [0.1, 3, 7.5],
			"to": [15.9, 3, 8.5],
			"faces": {
				"up": {"uv": [0, 13, 16, 14], "texture": "#layer0"},
				"down": {"uv": [0, 12, 16, 13], "texture": "#layer0"}
			}
		},
		{
			"name": "horizonal_strips",
			"from": [0.1, 4, 7.5],
			"to": [15.9, 4, 8.5],
			"faces": {
				"up": {"uv": [0, 12, 16, 13], "texture": "#layer0"},
				"down": {"uv": [0, 11, 16, 12], "texture": "#layer0"}
			}
		},
		{
			"name": "horizonal_strips",
			"from": [0.1, 5, 7.5],
			"to": [15.9, 5, 8.5],
			"faces": {
				"up": {"uv": [0, 11, 16, 12], "texture": "#layer0"},
				"down": {"uv": [0, 10, 16, 11], "texture": "#layer0"}
			}
		},
		{
			"name": "horizonal_strips",
			"from": [0.1, 6, 7.5],
			"to": [15.9, 6, 8.5],
			"faces": {
				"up": {"uv": [0, 10, 16, 11], "texture": "#layer0"},
				"down": {"uv": [0, 9, 16, 10], "texture": "#layer0"}
			}
		},
		{
			"name": "horizonal_strips",
			"from": [0.1, 7, 7.5],
			"to": [15.9, 7, 8.5],
			"faces": {
				"up": {"uv": [0, 9, 16, 10], "texture": "#layer0"},
				"down": {"uv": [0, 8, 16, 9], "texture": "#layer0"}
			}
		},
		{
			"name": "horizonal_strips",
			"from": [0.1, 8, 7.5],
			"to": [15.9, 8, 8.5],
			"faces": {
				"up": {"uv": [0, 8, 16, 9], "texture": "#layer0"},
				"down": {"uv": [0, 7, 16, 8], "texture": "#layer0"}
			}
		},
		{
			"name": "horizonal_strips",
			"from": [0.1, 9, 7.5],
			"to": [15.9, 9, 8.5],
			"faces": {
				"up": {"uv": [0, 7, 16, 8], "texture": "#layer0"},
				"down": {"uv": [0, 6, 16, 7], "texture": "#layer0"}
			}
		},
		{
			"name": "horizonal_strips",
			"from": [0.1, 10, 7.5],
			"to": [15.9, 10, 8.5],
			"faces": {
				"up": {"uv": [0, 6, 16, 7], "texture": "#layer0"},
				"down": {"uv": [0, 5, 16, 6], "texture": "#layer0"}
			}
		},
		{
			"name": "horizonal_strips",
			"from": [0.1, 11, 7.5],
			"to": [15.9, 11, 8.5],
			"faces": {
				"up": {"uv": [0, 5, 16, 6], "texture": "#layer0"},
				"down": {"uv": [0, 4, 16, 5], "texture": "#layer0"}
			}
		},
		{
			"name": "horizonal_strips",
			"from": [0.1, 12, 7.5],
			"to": [15.9, 12, 8.5],
			"faces": {
				"up": {"uv": [0, 4, 16, 5], "texture": "#layer0"},
				"down": {"uv": [0, 3, 16, 4], "texture": "#layer0"}
			}
		},
		{
			"name": "horizonal_strips",
			"from": [0.1, 13, 7.5],
			"to": [15.9, 13, 8.5],
			"faces": {
				"up": {"uv": [0, 3, 16, 4], "texture": "#layer0"},
				"down": {"uv": [0, 2, 16, 3], "texture": "#layer0"}
			}
		},
		{
			"name": "horizonal_strips",
			"from": [0.1, 14, 7.5],
			"to": [15.9, 14, 8.5],
			"faces": {
				"up": {"uv": [0, 2, 16, 3], "texture": "#layer0"},
				"down": {"uv": [0, 1, 16, 2], "texture": "#layer0"}
			}
		},
		{
			"name": "horizonal_strips",
			"from": [0.1, 15, 7.5],
			"to": [15.9, 15, 8.5],
			"faces": {
				"up": {"uv": [0, 1, 16, 2], "texture": "#layer0"},
				"down": {"uv": [0, 0, 16, 1], "texture": "#layer0"}
			}
		},
		{
			"name": "horizonal_strips",
			"from": [0.1, 16, 7.5],
			"to": [15.9, 16, 8.5],
			"faces": {
				"up": {"uv": [0, 0, 16, 1], "texture": "#layer0"}
			}
		}
	],
	"gui_light": "front",
	"display": {
		"thirdperson_righthand": {
			"rotation": [16, -3, 23.5],
			"translation": [-1.75, 3, 2.5],
			"scale": [0.55, 0.55, 0.55]
		},
		"firstperson_righthand": {
			"rotation": [0, -90, 25],
			"translation": [1.13, 3.2, 1.13],
			"scale": [0.68, 0.68, 0.68]
		},
		"ground": {
			"translation": [0, 2, 0],
			"scale": [0.5, 0.5, 0.01]
		},
		"head": {
			"rotation": [0, 180, 0],
			"translation": [0, 13, 7]
		},
		"fixed": {
			"rotation": [0, 180, 0]
		}
	},
	"groups": [
		0,
		{
			"name": "vertical",
			"origin": [0, 0, 0],
			"color": 0,
			"children": [1, 2, 3, 4, 5, 6, 7, 8, 9, 10, 11, 12, 13, 14, 15, 16, 17]
		},
		{
			"name": "horizontal",
			"origin": [0, 0, 0],
			"color": 0,
			"children": [18, 19, 20, 21, 22, 23, 24, 25, 26, 27, 28, 29, 30, 31, 32, 33, 34]
		}
	]
}